t_sec,dist_m,Lap_No,Speed_kmh,Motor_RPM,Battery_V,Current_A
0.0,0.0,1,29.61194045312161,3578.1126816284464,47.97326880392027,9.81597764723653
0.6020066889632107,10.033444816053512,1,31.661148878522035,3802.072162841718,48.15709822683951,9.787041557596538
1.2040133779264215,20.066889632107024,1,31.83894536333449,3838.5453139247707,48.1507672820496,9.812749862626125
1.8060200668896322,30.100334448160538,1,31.81733969806597,3816.506096911495,47.939634152745754,10.897267111987356
2.408026755852843,40.13377926421405,1,33.58299138178768,4032.9317975231957,47.906685350411145,11.678305002394781
3.0100334448160537,50.16722408026756,1,34.06484212732527,4089.266362715579,47.72277761685604,12.714826667719802
3.6120401337792645,60.200668896321076,1,34.84855782154763,4183.271858728895,47.9427850330151,13.50623680584468
4.214046822742475,70.23411371237458,1,35.33215543670019,4234.149180275343,47.92951463167337,14.533016929089632
4.816053511705686,80.2675585284281,1,37.50133075928588,4488.177716410226,47.73994440102889,15.37074593118408
5.418060200668897,90.30100334448161,1,37.55844244200493,4500.68727969594,47.67376046272431,16.04027997894694
6.0200668896321075,100.33444816053512,1,38.65711882944237,4633.457821129476,47.638106119355946,16.989874909694752
6.622073578595318,110.36789297658864,1,39.17164297494993,4697.840080361859,47.761089722561096,17.792166248706845
7.224080267558529,120.40133779264215,1,39.084776499498474,4697.682777227905,47.817549584491964,17.746100229757026
7.82608695652174,130.43478260869566,1,41.130255699433576,4933.499859717298,47.64674185366525,17.991885801796666
8.42809364548495,140.46822742474916,1,41.88102777942419,5021.756955443608,47.622773593117806,18.20945050235731
9.03010033444816,150.5016722408027,1,41.394825182647345,4956.82372393255,47.612812834147,17.413746517895664
9.632107023411372,160.5351170568562,1,42.01958001173677,5037.156122618771,47.30078073862474,17.022373496555808
10.234113712374583,170.5685618729097,1,42.52820185927447,5118.178263073561,47.525577772797945,16.26556321254174
10.836120401337794,180.60200668896323,1,43.535315007806474,5216.2800691206385,47.51844354987714,15.39596981169784
11.438127090301004,190.63545150501673,1,44.23279930823763,5311.13148994986,47.51645526747571,14.522383345416253
12.040133779264215,200.66889632107024,1,42.93735874663843,5161.548609123917,47.38625699189659,13.738676555082979
12.642140468227426,210.70234113712377,1,44.57311179219751,5318.926853176937,47.3283721013956,12.579034548547417
13.244147157190636,220.73578595317727,1,44.98212678340385,5396.014244580166,47.30680101634538,11.260957502717014
13.846153846153847,230.76923076923077,1,44.93524241710954,5386.5486765357045,47.46996427786189,11.61540167530279
14.448160535117058,240.8026755852843,1,44.69593884105908,5376.31411350731,47.250788051121994,10.427005667844275
15.050167224080269,250.8361204013378,1,44.76016441290961,5365.243621846464,47.308024123919765,10.33568490317703
15.65217391304348,260.8695652173913,1,44.92940926245668,5394.878322421247,47.242554207984746,10.104913839903888
16.25418060200669,270.90301003344484,1,45.05172171925611,5415.745159716744,47.19140589476909,10.30462295099942
16.8561872909699,280.9364548494983,1,45.1823288704917,5411.504864353181,47.2309334461943,10.19234901987822
17.45819397993311,290.96989966555185,1,44.92786671144573,5381.0309772332575,47.12055404464176,10.338720391142557
18.06020066889632,301.0033444816054,1,45.118492475058666,5418.8033768528285,46.97343048285214,11.401962946472992
18.662207357859533,311.03678929765886,1,45.499022407578586,5475.38068455397,47.267114076250394,12.976223814417024
19.264214046822744,321.0702341137124,1,43.72550639682484,5252.404262617777,47.09785408556686,13.016968778204639
19.866220735785955,331.1036789297659,1,44.13768961300008,5304.535585614379,46.983446099352385,14.431314771144402
20.468227424749166,341.1371237458194,1,42.38057185723485,5074.155376246422,46.92406974028464,15.38982353013007
21.070234113712377,351.1705685618729,1,42.34248200570321,5077.365994536045,46.90064588974954,16.383896024442468
21.67224080267559,361.20401337792646,1,41.743795927991684,5009.678884306216,46.85303755220666,16.833033282201196
22.274247491638796,371.23745819397993,1,41.23067510740166,4950.629877753587,46.95611800473954,17.829820107617543
22.876254180602007,381.27090301003346,1,41.176859464685556,4963.493523754929,46.835776159620124,17.958878880707005
23.47826086956522,391.304347826087,1,41.88187477013588,5044.137741952051,46.76711294434365,18.004814491248812
24.08026755852843,401.33779264214047,1,39.74229398754466,4780.5869782667205,46.69726174242267,18.138946191607864
24.68227424749164,411.371237458194,1,39.32994140434493,4715.757100681359,46.896667342473776,17.684897420789266
25.284280936454852,421.40468227424753,1,38.554650578525276,4631.876872452282,46.80156922927235,16.83698369633375
25.886287625418063,431.438127090301,1,37.953060478500326,4560.961357311477,46.6536511977114,16.180568447668296
26.48829431438127,441.47157190635454,1,37.78173332104551,4545.261542764477,46.67186132488986,15.891184760047535
27.090301003344482,451.5050167224081,1,36.55440415780642,4378.7420919253545,46.61835144360141,14.356769539969335
27.692307692307693,461.53846153846155,1,35.40673300026751,4255.929098834674,46.70337430430568,13.792645696751372
28.294314381270905,471.5719063545151,1,35.48443594559884,4251.194218098641,46.67257240126361,12.817908044174164
28.896321070234116,481.6053511705686,1,34.64835101036887,4154.818291168798,46.47175854743395,11.503645792240839
29.498327759197327,491.6387959866221,1,32.808563143479375,3952.4513951044632,46.46399653168092,11.113989977908158
30.100334448160538,501.6722408026756,1,32.009196741226845,3835.890089794137,46.643344062645866,10.523321804684551
30.70234113712375,511.7056856187291,1,31.534306023898896,3780.830857674878,46.46211093660472,10.007258739930924
31.30434782608696,521.7391304347826,1,29.80341585479677,3581.85788034127,46.30709803086735,10.08673620789535
31.906354515050168,531.7725752508361,1,28.9366996994399,3458.037882231696,46.33687066052516,10.539702660588494
32.50836120401338,541.8060200668897,1,28.011910710908296,3346.271307432823,46.2872009088045,10.48208151414298
33.11036789297659,551.8394648829432,1,28.15390233435375,3369.7659126805356,46.21680070032354,10.7084926790127
33.7123745819398,561.8729096989966,1,25.794658910613222,3104.3738259815195,46.12222884476687,11.38093434397691
34.31438127090301,571.9063545150502,1,25.68705136993364,3090.615136993273,46.33674873358645,12.057688022651853
34.91638795986622,581.9397993311037,1,24.521091874777095,2950.6279935655302,46.25155555500369,12.954066358053375
35.518394648829435,591.9732441471572,1,24.243575023048017,2905.352622707411,46.16628225765545,14.897965656801142
36.12040133779264,602.0066889632108,1,23.059397431841585,2761.7342487196197,46.0556822981927,15.109897592490892
36.72240802675586,612.0401337792642,1,22.26584027301146,2701.4118200230596,46.18773065576706,16.051133797046003
37.324414715719065,622.0735785953177,1,21.921355375399155,2642.4360899730486,46.1233935361444,17.00813607608775
37.92642140468228,632.1070234113713,1,20.990520927109376,2521.6977902690555,46.186706069326725,17.803802002201166
38.52842809364549,642.1404682274248,1,19.979484399874423,2411.656696853716,45.9657066677353,17.492258909164224
39.130434782608695,652.1739130434783,1,20.259177207089287,2424.213748665933,46.083571069319305,18.341195689906737
39.73244147157191,662.2073578595318,1,18.142307753800548,2167.445541880321,46.0619421393527,17.94897807691442
40.33444816053512,672.2408026755853,1,17.706080054143342,2120.399586811875,45.915543510446426,17.579101931749264
40.93645484949833,682.2742474916388,1,18.1349266366846,2168.819077013839,45.96883895916083,17.33579517698898
41.53846153846154,692.3076923076924,1,17.66546204937817,2117.508562696112,45.76953405608094,16.628862810935384
42.140468227424755,702.3411371237459,1,17.204851925367468,2050.0699327947923,45.87465587911033,16.136892503854966
42.74247491638796,712.3745819397993,1,16.392770675130244,1957.1765653439595,45.754815619958286,14.512270819594745
43.34448160535118,722.4080267558529,1,16.152277741543994,1934.3797046569791,45.93528793968879,13.472722674933369
43.946488294314385,732.4414715719064,1,15.864901151781392,1909.4366388466465,45.79646523650798,12.763067788978145
44.54849498327759,742.4749163879599,1,15.78850527359128,1893.8452705542902,45.81719212665207,12.076001061760776
45.15050167224081,752.5083612040135,1,15.348948441483428,1854.8519271164773,45.792499936619315,11.359224014103853
45.752508361204015,762.5418060200669,1,15.479786804495534,1868.3912364947055,45.78566204705891,9.871794330948173
46.35451505016723,772.5752508361204,1,15.822523095384117,1910.001325762691,45.57205769672793,10.07682977020331
46.95652173913044,782.608695652174,1,14.944844837173598,1796.238545408602,45.78645334227391,9.965126053032384
47.55852842809365,792.6421404682275,1,15.376582766304502,1854.2181751794647,45.65607516338443,10.091358480949703
48.16053511705686,802.6755852842809,1,15.228449630956172,1816.1960999148182,45.735275631099015,10.392985369430109
48.76254180602007,812.7090301003345,1,15.855325766665608,1895.1484962979478,45.639024671165906,10.764653523705714
49.36454849498328,822.742474916388,1,15.816113397022832,1895.5486518918103,45.42225043146287,11.662040661745683
49.96655518394649,832.7759197324415,1,16.574488111665335,1985.4782283960699,45.443093726856134,12.140201880015626
50.568561872909704,842.8093645484951,1,15.591501017873775,1868.485194517581,45.53826805229646,13.394806187031618
51.17056856187291,852.8428093645485,1,15.880717943317444,1899.5988905366062,45.38890686493562,14.339054019305168
51.77257525083613,862.876254180602,1,16.04583534632605,1920.7511795404114,45.291595970910095,15.28128691507817
52.374581939799334,872.9096989966556,1,17.383254686644914,2088.91344241709,45.39470891418494,15.702921534204703
52.97658862876254,882.9431438127091,1,17.93777059497053,2158.8746788841863,45.23941631362217,17.084821432868065
53.57859531772576,892.9765886287626,1,17.72036025315909,2114.8086461694966,45.14530985306309,17.709406959418434
54.180602006688964,903.0100334448161,1,19.73685346634786,2365.446138624764,45.0815676903426,18.16971949184072
54.78260869565218,913.0434782608696,1,19.05875111323955,2274.5824535315815,45.22568465979098,18.30708391084501
55.38461538461539,923.0769230769231,1,20.445887663250943,2451.257576267666,45.17883766988921,17.75231098405811
55.9866220735786,933.1103678929767,1,20.348266471835093,2431.992164812994,45.0535267281059,17.457405473377825
56.58862876254181,943.1438127090302,1,22.08322892069087,2646.7871594539865,45.289921431897405,17.28345063129002
57.190635451505024,953.1772575250836,1,21.71057206673082,2613.3422962711848,45.03291473699945,16.80349208841166
57.79264214046823,963.2107023411372,1,23.039833885414723,2772.626613523178,45.065130523108714,15.844462696869694
58.39464882943144,973.2441471571907,1,23.324126859894136,2814.1700741186164,45.07675710580811,14.428434730601232
58.996655518394654,983.2775919732442,1,24.012741890354093,2875.8141406984514,45.13922715980282,13.998104672956678
59.59866220735786,993.3110367892976,1,23.97993209772657,2865.4077915680114,44.928863372953025,12.933181824706901
60.200668896321076,1003.3444816053512,2,26.416559676107692,3152.5818306083506,45.028614362345756,11.760684667851484
60.802675585284284,1013.3779264214047,2,26.374545099894952,3159.6166007855113,45.03602091732601,11.348003066156592
61.4046822742475,1023.4113712374582,2,28.43296881223158,3420.1571923641063,44.87442788019374,10.833789905493422
62.006688963210706,1033.4448160535117,2,28.05862116096163,3354.4253910585508,44.9157835805188,10.349922056895752
62.60869565217392,1043.4782608695652,2,29.58939614173317,3540.2630830937696,44.80943237273218,10.551779760428863
63.21070234113713,1053.5117056856188,2,30.79370371519926,3675.8455327564093,44.851064914852934,10.157730962189142
63.812709030100336,1063.5451505016722,2,30.893655412798577,3688.5588641801914,44.93087670656322,10.263318081149245
64.41471571906355,1073.5785953177258,2,32.30714077073653,3866.84918426165,44.73522471697065,10.904925523630311
65.01672240802677,1083.6120401337794,2,33.29836997938739,3989.753335244378,44.69791680037979,11.299546962680685
65.61872909698997,1093.6454849498327,2,34.38373555439791,4152.670399965756,44.656481651988464,12.59467340071338
66.22073578595318,1103.6789297658863,2,35.040160560219924,4185.50533835244,44.5518137316176,13.549346274807245
66.8227424749164,1113.71237458194,2,35.247862180514296,4235.501211641497,44.51378216629324,13.600478164908738
67.4247491638796,1123.7458193979933,2,37.103067080619226,4452.213305141508,44.56025598009936,14.94500592651043
68.02675585284281,1133.7792642140469,2,36.88522563261096,4414.357406465352,44.440184417027915,16.283118052943017
68.62876254180603,1143.8127090301005,2,38.26044479450957,4594.769494784446,44.6218978741162,17.308437995296632
69.23076923076924,1153.8461538461538,2,38.182870555132844,4567.007495294882,44.50134198390936,17.444759774105243
69.83277591973244,1163.8795986622074,2,39.657522767992795,4752.233490257592,44.44235580888539,17.87997534155894
70.43478260869566,1173.913043478261,2,39.99643635240022,4807.215622130197,44.467189822647946,18.42736654027399
71.03678929765887,1183.9464882943143,2,40.395827963532305,4852.596101444032,44.35339930262141,17.78246626551464
71.63879598662209,1193.979933110368,2,41.13464425154677,4955.34117263302,44.34512411017182,17.34423582169881
72.24080267558529,1204.0133779264215,2,42.90345335116378,5171.32113451085,44.42259812474307,17.290644187182895
72.8428093645485,1214.046822742475,2,42.445545988648796,5102.80461123671,44.27990859523543,16.316570815835416
73.44481605351172,1224.0802675585285,2,41.64579207320865,4993.716515530912,44.467697884429406,16.19452128980784
74.04682274247492,1234.113712374582,2,43.4723744395034,5219.5711516145375,44.45216152575206,15.327350159113186
74.64882943143813,1244.1471571906354,2,44.775355397887154,5382.669885550205,44.22854243237794,13.404561416318105
75.25083612040135,1254.180602006689,2,43.61680087722457,5225.311317448745,44.26144140862579,12.73939700091239
75.85284280936456,1264.2140468227426,2,44.21904999767293,5292.736854845694,44.23307243492363,12.589921816043397
76.45484949832776,1274.247491638796,2,44.81117605006719,5358.622725123971,44.08700918119739,11.489277152708196
77.05685618729098,1284.2809364548496,2,45.71971893750048,5473.218117055408,44.250168871152326,10.598626277524863
77.65886287625419,1294.3143812709031,2,45.39608969278618,5442.199593775797,44.04665992342628,10.1802824796021
78.26086956521739,1304.3478260869565,2,45.503385970932854,5473.204194607123,44.14372366184382,9.576264361923542
78.8628762541806,1314.38127090301,2,44.957974826751936,5388.378112582383,44.19198487930219,9.980640930133365
79.46488294314382,1324.4147157190637,2,45.47480288154677,5450.249938695423,44.013343685075434,10.723411324636318
80.06688963210703,1334.448160535117,2,44.1419658723399,5303.651114095461,43.89960229540482,11.122921662578378
80.66889632107024,1344.4816053511706,2,43.94013746508737,5272.701486669659,44.17930120229139,11.163601034216697
81.27090301003345,1354.5150501672242,2,44.1545929193177,5307.175131310471,43.960810581075364,11.682061683542514
81.87290969899666,1364.5484949832776,2,43.42981945212906,5205.795982683025,44.05245683450263,12.865933712354645
82.47491638795987,1374.5819397993312,2,43.633625611547906,5234.289638931446,43.96024771940409,13.993833710996247
83.07692307692308,1384.6153846153848,2,43.601886454966554,5229.087911548951,43.71212548622815,14.849486707246166
83.6789297658863,1394.6488294314381,2,43.15090148972603,5177.165462398547,43.81667470383758,15.805819229890833
84.28093645484951,1404.6822742474917,2,44.08243178380346,5296.4639285775565,43.771986361637836,16.54079039143381
84.88294314381271,1414.7157190635453,2,43.03471146567101,5170.631437768374,43.684732343740514,17.226526589818693
85.48494983277592,1424.7491638795987,2,41.06809935638268,4929.735993105334,43.63872159039083,18.172432467984287
86.08695652173914,1434.7826086956522,2,40.66609781275,4867.0026001985625,43.649113657181154,18.159858685732065
86.68896321070235,1444.8160535117058,2,40.27309267226117,4844.25640496717,43.52279475747772,18.113661821346163
87.29096989966555,1454.8494983277592,2,39.74834002751395,4788.543265136528,43.61478699008798,18.03560705375125
87.89297658862877,1464.8829431438128,2,38.005259926104166,4556.927785169683,43.545650897034015,17.30384601981831
88.49498327759198,1474.9163879598664,2,37.7088133759426,4523.324841234003,43.69699831424629,17.064964279158048
89.09698996655518,1484.9498327759197,2,37.84312189872681,4537.229460449113,43.68534540282113,15.39633476821004
89.6989966555184,1494.9832775919733,2,37.273456346168125,4471.02178800887,43.439181575089336,15.367149297689219
90.30100334448161,1505.016722408027,2,36.571652657247746,4386.748202109837,43.42466903893386,14.039983514506545
90.90301003344483,1515.0501672240803,2,35.50858032887815,4265.3135011203385,43.6562856606311,13.219939841084269
91.50501672240803,1525.0836120401339,2,34.54990144940359,4142.054197463869,43.29883229196929,12.192362631869237
92.10702341137124,1535.1170568561874,2,33.727340567503894,4041.7159539414993,43.394406904045596,11.022374812372188
92.70903010033446,1545.1505016722408,2,33.08593955428956,3978.9446411731387,43.35963909862872,10.926891859151374
93.31103678929766,1555.1839464882944,2,31.312079046838285,3766.014016888697,43.299830727817394,10.298385682221625
93.91304347826087,1565.217391304348,2,30.362924429563495,3642.654089131239,43.23570749664522,10.185550704659256
94.51505016722409,1575.2508361204013,2,29.604010050355967,3537.5982775411467,43.21727294371477,10.172062361762217
95.1170568561873,1585.284280936455,2,28.261579547790873,3371.312763370084,43.09508208329538,10.799514466925327
95.7190635451505,1595.3177257525085,2,27.36038259539589,3294.6984917332625,43.24902654427373,10.366663165550841
96.32107023411372,1605.3511705685619,2,26.867282138390635,3224.4733227516467,43.44841026783159,10.906534529592355
96.92307692307693,1615.3846153846155,2,25.66992372837641,3063.364833076607,43.163421664810585,11.913918155364186
97.52508361204013,1625.418060200669,2,25.10512155503989,3007.668314889075,43.20856796539487,13.204324971898142
98.12709030100335,1635.4515050167224,2,24.397852914053914,2934.1149631093945,43.105100952648144,14.003853505210268
98.72909698996656,1645.484949832776,2,22.806113668370585,2724.3719361776875,43.17049054989408,14.456943201137936
99.33110367892978,1655.5183946488296,2,23.25135420791558,2779.2094781278993,43.134601154977,15.597278654387697
99.93311036789298,1665.551839464883,2,22.281437917819204,2675.734261618062,43.172641816780356,16.509098435858668
100.5351170568562,1675.5852842809365,2,21.376381394810625,2576.703475100055,42.99776365701329,17.344225679202555
101.13712374581941,1685.6187290969901,2,21.025839991026846,2519.9863184336514,42.80576506477951,17.68519507681297
101.73913043478261,1695.6521739130435,2,19.826001021020147,2377.0642963331634,42.92098420500085,17.98112421753824
102.34113712374582,1705.685618729097,2,19.024331784650535,2275.97790451486,42.94644951628262,18.3496575781496
102.94314381270904,1715.7190635451507,2,18.17749861025607,2175.045684995814,42.99009725105137,18.111141279272296
103.54515050167225,1725.752508361204,2,18.258128699268994,2188.465045196088,42.87921911997657,17.150065761213817
104.14715719063545,1735.7859531772576,2,17.770239493011605,2139.520343407761,42.81871456645244,16.614724122144327
104.74916387959867,1745.8193979933112,2,16.272853636114817,1973.746080026126,42.70225084715071,15.601571882456003
105.35117056856188,1755.8528428093646,2,15.468367987928149,1873.6625644920775,42.68278729371215,14.380166171921253
105.95317725752508,1765.8862876254182,2,16.503976315461752,1974.8720047363433,42.689195478342015,14.622016276212168
106.5551839464883,1775.9197324414718,2,15.805819915560598,1885.5549530724647,42.753895630661006,13.194769604925138
107.15719063545151,1785.953177257525,2,15.497991940720532,1867.6261173741284,42.54998015699962,12.22546335913013
107.75919732441473,1795.9866220735787,2,15.721962083929904,1896.3787576539187,42.44841212882064,11.279898936843932
108.36120401337793,1806.0200668896323,2,15.121636937711484,1812.0610179749938,42.67251359263773,10.867223397923325
108.96321070234114,1816.0535117056857,2,14.898332450412477,1768.49813258257,42.750697160276395,10.169393083511126
109.56521739130436,1826.0869565217392,2,15.281270111735823,1846.8350386634306,42.656958532189314,9.850678974259926
110.16722408026757,1836.1204013377928,2,15.931182037831825,1931.2614669108834,42.56474771975273,10.295742466357478
110.76923076923077,1846.1538461538462,2,15.564558729176978,1878.5017040405808,42.65025338859748,10.40722584968632
111.37123745819399,1856.1872909698998,2,16.51653936426691,1968.7955958272798,42.55784521436966,10.708475022717927
111.9732441471572,1866.2207357859534,2,15.115331596200267,1826.063018957134,42.30531198650363,10.989958242755547
112.5752508361204,1876.2541806020067,2,16.016858651866325,1919.6663211204839,42.468988102360015,11.483488515566053
113.17725752508362,1886.2876254180603,2,16.300813125773903,1953.6778141547607,42.347736431490475,13.162201229821925
113.77926421404683,1896.321070234114,2,16.062677272650838,1926.2606465466924,42.32578156398399,13.839288306323972
114.38127090301005,1906.3545150501673,2,16.121583558587016,1942.7352607399864,42.23586648972485,14.732276285002701
114.98327759197325,1916.3879598662209,2,16.20155744049483,1941.9608131176053,42.329749522726466,15.965391831137916
115.58528428093646,1926.4214046822744,2,17.894162286789168,2124.331906472636,42.08359092868744,17.00901202056706
116.18729096989968,1936.4548494983278,2,17.8316010713257,2135.36296359691,42.27479848584762,17.374915812450226
116.78929765886288,1946.4882943143814,2,18.83494881542405,2265.405654008495,42.16824166779688,17.523320063324217
117.3913043478261,1956.5217391304348,2,19.225209766062708,2301.45673638121,42.035176365097925,17.707274023572747
117.99331103678931,1966.5551839464883,2,19.944814423448502,2387.8273858901684,42.13838165974152,17.507452158317
118.59531772575252,1976.588628762542,2,19.43732745400172,2343.6526605816935,42.034331910340384,17.923078393603905
119.19732441471572,1986.6220735785953,2,21.595367783783097,2597.2476928428073,41.99508510718018,17.685759263657914
119.79933110367894,1996.6555183946489,2,22.261016243157233,2678.405966056025,42.06593262672674,16.555407386079914
120.40133779264215,2006.6889632107025,3,23.14016436635112,2787.1995676734196,41.97641445999893,16.430278421546376
121.00334448160535,2016.7224080267558,3,22.815813238398224,2730.222068867707,42.051836575320095,15.239775539627425
121.60535117056857,2026.7558528428094,3,23.50977589342655,2833.113819643815,41.83690322486109,14.512353193413295
122.20735785953178,2036.789297658863,3,25.022893677207463,3005.6635857683696,41.899057104635894,13.639180032462432
122.809364548495,2046.8227424749164,3,25.405780858409454,3052.318053995555,41.81889032622928,12.80201050360926
123.4113712374582,2056.85618729097,3,27.04282068055638,3252.927818917156,41.8137666835113,11.522084035970966
124.01337792642141,2066.8896321070233,3,27.164297871160077,3263.153475921738,41.84586827280994,11.750531876085622
124.61538461538463,2076.923076923077,3,28.761280136811106,3456.829257515166,41.902160049725346,10.862385428692221
125.21739130434784,2086.9565217391305,3,29.298428295587144,3500.6034535667127,41.63151358054435,10.12301863285203
125.81939799331104,2096.989966555184,3,30.552385794432475,3663.1087779169343,41.536490830416234,9.566831927974864
126.42140468227426,2107.0234113712377,3,31.06643803660511,3728.5570941269825,41.853723727113,10.453282581481462
127.02341137123747,2117.056856187291,3,31.941804062556198,3840.609835508357,41.539264008277186,10.774484879958885
127.62541806020067,2127.0903010033444,3,32.74093514839394,3924.9548792177316,41.627334294078,11.122042491320267
128.2274247491639,2137.123745819398,3,33.268340410526186,4000.919741715729,41.59517975567765,11.611758472316234
128.8294314381271,2147.1571906354516,3,34.302343179293345,4120.385194307893,41.71298878353333,12.416163632489715
129.4314381270903,2157.190635451505,3,35.15798646721985,4218.99094723015,41.36906057379689,13.277987974495508
130.03344481605353,2167.2240802675587,3,36.630181430865605,4385.212484980675,41.539929652274786,14.543156431981128
130.63545150501673,2177.257525083612,3,37.159162156691266,4460.166956183071,41.416181995779944,16.00993902656866
131.23745819397993,2187.2909698996655,3,37.963761448528274,4558.932159701904,41.47828611880723,16.656343354521038
131.83946488294316,2197.3244147157193,3,38.70977762047942,4653.209736055783,41.43908533407268,17.160517401110937
132.44147157190636,2207.3578595317726,3,39.40597509347007,4715.733986786134,41.49738341566855,17.503547077697043
133.04347826086956,2217.391304347826,3,39.08655017307674,4682.418707165405,41.37980498581685,17.681092056972897
133.6454849498328,2227.42474916388,3,41.08475743963045,4927.726378874923,41.1878652847577,17.9606463536147
134.247491638796,2237.458193979933,3,40.1872367102974,4828.3785114273705,41.18075328811482,18.0366246414089
134.8494983277592,2247.4916387959865,3,41.93356977566486,5018.753086660134,41.32862331142822,18.365477708041418
135.45150501672242,2257.5250836120404,3,41.94273208269841,5052.64419389717,41.2906673752342,17.340698531553006
136.05351170568562,2267.5585284280937,3,41.935539022646104,5036.502080115865,41.2480584105409,15.699659858152952
136.65551839464885,2277.591973244147,3,43.62474345542941,5242.151399273726,41.138124227054796,14.99422902831776
137.25752508361205,2287.625418060201,3,43.66818707214284,5241.40129791976,41.19871391687127,14.040800060519947
137.85953177257525,2297.6588628762543,3,43.543496924362636,5221.6301544007065,40.994412970735986,12.878317153234685
138.46153846153848,2307.6923076923076,3,44.08552315446468,5287.6851369699525,41.16327690883481,12.329585541949475
139.06354515050168,2317.7257525083614,3,44.44475482098264,5333.471889964979,41.05817665792722,11.355150375720287
139.66555183946488,2327.759197324415,3,44.877795087787376,5387.572106894638,41.01931187505708,11.045941973020913
140.2675585284281,2337.792642140468,3,45.50602778698427,5445.994452497063,40.991039494609545,10.397694901632786
140.8695652173913,2347.826086956522,3,44.46583810520732,5342.64240098084,41.01569389826889,10.439558587342527
141.4715719063545,2357.8595317725753,3,44.88733964600079,5385.541456354948,41.10427803763427,10.152742937779982
142.07357859531774,2367.8929765886287,3,44.56943036226357,5354.012533675289,40.84210665687683,9.777495253442416
142.67558528428094,2377.9264214046825,3,44.555443867153386,5338.06258201154,40.870424931595274,10.368152251966459
143.27759197324417,2387.959866220736,3,45.7995970723061,5496.350795389866,40.83992987966058,10.898996779798319
143.87959866220737,2397.9933110367892,3,44.543078357569456,5347.4803193445905,40.80102157096972,12.01870613876943
144.48160535117057,2408.026755852843,3,44.18656921992419,5302.032761517024,40.77778006393519,12.499123765438089
145.0836120401338,2418.0602006688964,3,43.90487253093015,5274.07061605091,40.67900481801819,13.631710815545325
145.685618729097,2428.09364548495,3,43.76652565075014,5242.914894419507,40.84237672346086,14.698851312309971
146.2876254180602,2438.1270903010036,3,42.56227111863491,5128.433908417784,40.616245365591816,15.664850747599822
146.88963210702343,2448.160535117057,3,43.21767290543257,5199.7755771267075,40.52387771243195,16.565369535998837
147.49163879598663,2458.1939799331103,3,41.69040835593106,5003.649162813553,40.55621703986225,16.54732296145622
148.09364548494983,2468.227424749164,3,40.486741050262374,4853.777700816285,40.73768242012536,18.06635709933964
148.69565217391306,2478.2608695652175,3,42.06459833278746,5051.347513404339,40.525391158649825,17.88697993447691
149.29765886287626,2488.294314381271,3,40.227540143873355,4823.519046650462,40.38577649275054,17.890905484300653
149.89966555183946,2498.3277591973247,3,39.64439660405981,4744.962754812017,40.454558871246824,17.360114150519983
150.5016722408027,2508.361204013378,3,38.81109881745569,4649.883968376583,40.63275124184703,17.630445151273143
151.1036789297659,2518.3946488294314,3,38.56030257553017,4627.9904458111505,40.55203276414674,16.63057552450807
151.70568561872912,2528.428093645485,3,37.897658530963795,4555.202033259639,40.53403290680021,16.10423716819172
152.30769230769232,2538.4615384615386,3,37.07706487254187,4453.810164456572,40.31656485075343,15.287717680976465
152.90969899665552,2548.494983277592,3,36.0491622640553,4329.62160905271,40.51218180348692,14.228461437940464
153.51170568561875,2558.5284280936457,3,36.053728033269664,4320.579090126276,40.38692165582625,13.573913692565156
154.11371237458195,2568.561872909699,3,34.53685396031228,4141.166453716329,40.52264933304862,13.001633625815083
154.71571906354515,2578.5953177257525,3,33.25149918532609,3969.913213185651,40.278836498987694,11.923544099238002
155.31772575250838,2588.6287625418063,3,33.03816283179595,3972.87058943103,40.28474128032045,10.840356353461733
155.91973244147158,2598.6622073578596,3,32.247509111428556,3881.2124796066855,40.26208601837249,10.662369723077452
156.52173913043478,2608.695652173913,3,31.62356435798405,3793.4774931404677,40.137937055080975,10.079013713518536
157.123745819398,2618.729096989967,3,29.35779056864275,3516.8601696206124,40.10343567144562,9.62555792958533
157.7257525083612,2628.76254180602,3,28.384377997702313,3404.6345843557597,40.0837533230202,10.1932280206056
158.32775919732444,2638.7959866220735,3,27.78157714266485,3335.067653449301,39.98962115279161,10.54077282032102
158.92976588628764,2648.8294314381274,3,27.304852882716425,3274.011653368898,40.12252061193661,10.692508974468051
159.53177257525084,2658.8628762541807,3,25.794022824042884,3091.761820349617,39.994218735787506,11.777489952538396
160.13377926421407,2668.896321070234,3,25.658958889222134,3067.9557585917883,39.978743441509096,12.872633471087358
160.73578595317727,2678.929765886288,3,24.67886671099187,2969.2125012897536,40.08394683463681,13.457696312981081
161.33779264214047,2688.9632107023413,3,23.868179656846262,2847.05738848797,39.79746704536699,14.318904279768548
161.9397993311037,2698.9966555183946,3,23.382285256785504,2809.0138953767714,39.98858043781437,15.203863734478109
162.5418060200669,2709.0301003344484,3,22.36936627238861,2691.579109542523,39.794871742477696,16.568007184145095
163.1438127090301,2719.063545150502,3,21.244295496831857,2555.737463743103,39.96260280339082,16.901098860196164
163.74581939799333,2729.096989966555,3,20.671684154684385,2473.200222832772,39.69053894131063,17.81196485949372
164.34782608695653,2739.130434782609,3,19.227775940396768,2305.734276121255,39.75062492189586,18.187558882603803
164.94983277591973,2749.1638795986623,3,18.75799371076725,2249.42006897049,39.672975551418986,17.781512032898107
165.55183946488296,2759.1973244147157,3,18.55775896576155,2218.379247585333,39.84109309186011,17.888042344914243
166.15384615384616,2769.2307692307695,3,18.110561464053006,2179.1035821392857,39.71566335513013,17.35325471874731
166.7558528428094,2779.264214046823,3,17.941799378635697,2158.9336514462075,39.71583706369241,16.999295243705284
167.3578595317726,2789.2976588628762,3,18.198736210437964,2176.720719037938,39.590111344610314,16.453732826650988
167.9598662207358,2799.33110367893,3,16.58686484145245,1976.4360169535337,39.59256872515783,15.607201248743468
168.56187290969902,2809.3645484949834,3,16.55035031808219,1990.6893105320835,39.55362043486059,14.487903943461248
169.16387959866222,2819.3979933110368,3,16.21311566899683,1954.686524114739,39.603059997661646,13.224924400187083
169.76588628762542,2829.4314381270906,3,15.427015529105203,1858.6617533105057,39.50668024324137,12.797986088566661
170.36789297658865,2839.464882943144,3,15.010459420280718,1790.2155425883293,39.612389502570544,11.665364452053897
170.96989966555185,2849.4983277591973,3,15.45729537765671,1861.320071919921,39.528652338449646,10.691195120135445
171.57190635451505,2859.531772575251,3,15.197655273709634,1819.1711704292075,39.37458502624445,10.295602027005266
172.17391304347828,2869.5652173913045,3,14.80740582852464,1788.089723950993,39.256768412244696,10.269909432669056
172.77591973244148,2879.598662207358,3,15.777048167689777,1896.1515653952993,39.43720335260762,10.005382616942576
173.3779264214047,2889.6321070234117,3,15.532058649366563,1876.953620881107,39.18720773710014,9.562285510963298
173.9799331103679,2899.665551839465,3,14.906718366416749,1802.1164112758975,39.27039150457103,10.218446089330204
174.5819397993311,2909.6989966555184,3,16.182499481664607,1944.3707823660807,39.36799212472751,10.823741176620631
175.18394648829434,2919.732441471572,3,15.457306097805219,1861.8230121986642,39.04405960465892,11.830956010123233
175.78595317725754,2929.7658862876256,3,15.34567932580813,1836.7862716438858,39.2645640066513,12.848396483393469
176.38795986622074,2939.799331103679,3,16.344328435443163,1964.3384886289045,39.242081428060345,13.417553597460577
176.98996655518397,2949.8327759197327,3,15.91168576461287,1902.1051931040106,39.16641905439542,14.329112288756448
177.59197324414717,2959.866220735786,3,16.40844625313358,1973.7957290341053,39.147584376319664,15.393872570883005
178.19397993311037,2969.8996655518395,3,16.048007532339298,1933.6655101395947,39.14538943563237,16.34409516422992
178.7959866220736,2979.9331103678933,3,18.342735533578065,2195.3183049174977,39.07048763770631,16.433256806268172
179.3979933110368,2989.9665551839466,3,18.311391547055592,2192.456068535027,39.00918968276443,17.459201563147595
180.0,3000.0,3,19.55825901960879,2340.2833021392453,38.98409864368573,17.778404419219186
